run_id,size,operation,phase,sample,status,page_count_before,duration_ns,outcome,detail,arm
create-confirm-b2,250,LINK,warmup,0,completed,250,7562125,success,,none
create-confirm-b2,250,LINK,warmup,1,completed,250,1143000,success,,none
create-confirm-b2,250,LINK,warmup,2,completed,250,780959,success,,none
create-confirm-b2,250,LINK,warmup,3,completed,250,723167,success,,none
create-confirm-b2,250,LINK,warmup,4,completed,250,683334,success,,none
create-confirm-b2,250,LINK,measure,0,completed,250,992875,success,,none
create-confirm-b2,250,LINK,measure,1,completed,250,879750,success,,none
create-confirm-b2,250,LINK,measure,2,completed,250,729500,success,,none
create-confirm-b2,250,LINK,measure,3,completed,250,676292,success,,none
create-confirm-b2,250,LINK,measure,4,completed,250,636750,success,,none
create-confirm-b2,250,LINK,measure,5,completed,250,746542,success,,none
create-confirm-b2,250,LINK,measure,6,completed,250,901209,success,,none
create-confirm-b2,250,LINK,measure,7,completed,250,657541,success,,none
create-confirm-b2,250,LINK,measure,8,completed,250,640125,success,,none
create-confirm-b2,250,LINK,measure,9,completed,250,641541,success,,none
create-confirm-b2,250,LINK,measure,10,completed,250,642916,success,,none
create-confirm-b2,250,LINK,measure,11,completed,250,616542,success,,none
create-confirm-b2,250,LINK,measure,12,completed,250,625583,success,,none
create-confirm-b2,250,LINK,measure,13,completed,250,625625,success,,none
create-confirm-b2,250,LINK,measure,14,completed,250,610000,success,,none
create-confirm-b2,250,LINK,measure,15,completed,250,614042,success,,none
create-confirm-b2,250,LINK,measure,16,completed,250,1002834,success,,none
create-confirm-b2,250,LINK,measure,17,completed,250,667916,success,,none
create-confirm-b2,250,LINK,measure,18,completed,250,738833,success,,none
create-confirm-b2,250,LINK,measure,19,completed,250,565166,success,,none
create-confirm-b2,250,LIST,warmup,0,completed,250,4357458,success,,none
create-confirm-b2,250,LIST,warmup,1,completed,250,3346000,success,,none
create-confirm-b2,250,LIST,warmup,2,completed,250,3205875,success,,none
create-confirm-b2,250,LIST,warmup,3,completed,250,3533917,success,,none
create-confirm-b2,250,LIST,warmup,4,completed,250,2949875,success,,none
create-confirm-b2,250,LIST,measure,0,completed,250,3230459,success,,none
create-confirm-b2,250,LIST,measure,1,completed,250,3551459,success,,none
create-confirm-b2,250,LIST,measure,2,completed,250,3270333,success,,none
create-confirm-b2,250,LIST,measure,3,completed,250,3444875,success,,none
create-confirm-b2,250,LIST,measure,4,completed,250,3106542,success,,none
create-confirm-b2,250,LIST,measure,5,completed,250,3284500,success,,none
create-confirm-b2,250,LIST,measure,6,completed,250,3288833,success,,none
create-confirm-b2,250,LIST,measure,7,completed,250,3013417,success,,none
create-confirm-b2,250,LIST,measure,8,completed,250,3049792,success,,none
create-confirm-b2,250,LIST,measure,9,completed,250,3431000,success,,none
create-confirm-b2,250,LIST,measure,10,completed,250,3170709,success,,none
create-confirm-b2,250,LIST,measure,11,completed,250,3334916,success,,none
create-confirm-b2,250,LIST,measure,12,completed,250,3321833,success,,none
create-confirm-b2,250,LIST,measure,13,completed,250,2881250,success,,none
create-confirm-b2,250,LIST,measure,14,completed,250,3133542,success,,none
create-confirm-b2,250,LIST,measure,15,completed,250,3484750,success,,none
create-confirm-b2,250,LIST,measure,16,completed,250,3863292,success,,none
create-confirm-b2,250,LIST,measure,17,completed,250,4853417,success,,none
create-confirm-b2,250,LIST,measure,18,completed,250,7831208,success,,none
create-confirm-b2,250,LIST,measure,19,completed,250,3506416,success,,none
create-confirm-b2,250,SAVE,warmup,0,completed,250,19286125,success,,none
create-confirm-b2,250,SAVE,warmup,1,completed,250,7848625,success,,none
create-confirm-b2,250,SAVE,warmup,2,completed,250,8757083,success,,none
create-confirm-b2,250,SAVE,warmup,3,completed,250,8356250,success,,none
create-confirm-b2,250,SAVE,warmup,4,completed,250,18319250,success,,none
create-confirm-b2,250,SAVE,measure,0,completed,250,17246167,success,,none
create-confirm-b2,250,SAVE,measure,1,completed,250,9203417,success,,none
create-confirm-b2,250,SAVE,measure,2,completed,250,8619125,success,,none
create-confirm-b2,250,SAVE,measure,3,completed,250,7214958,success,,none
create-confirm-b2,250,SAVE,measure,4,completed,250,7334917,success,,none
create-confirm-b2,250,SAVE,measure,5,completed,250,7539916,success,,none
create-confirm-b2,250,SAVE,measure,6,completed,250,7651875,success,,none
create-confirm-b2,250,SAVE,measure,7,completed,250,7331000,success,,none
create-confirm-b2,250,SAVE,measure,8,completed,250,7644125,success,,none
create-confirm-b2,250,SAVE,measure,9,completed,250,7948500,success,,none
create-confirm-b2,250,SAVE,measure,10,completed,250,8547834,success,,none
create-confirm-b2,250,SAVE,measure,11,completed,250,8056000,success,,none
create-confirm-b2,250,SAVE,measure,12,completed,250,8601625,success,,none
create-confirm-b2,250,SAVE,measure,13,completed,250,7778083,success,,none
create-confirm-b2,250,SAVE,measure,14,completed,250,8194250,success,,none
create-confirm-b2,250,SAVE,measure,15,completed,250,7022916,success,,none
create-confirm-b2,250,SAVE,measure,16,completed,250,7197334,success,,none
create-confirm-b2,250,SAVE,measure,17,completed,250,7509167,success,,none
create-confirm-b2,250,SAVE,measure,18,completed,250,7466458,success,,none
create-confirm-b2,250,SAVE,measure,19,completed,250,7166500,success,,none
create-confirm-b2,250,CREATE,warmup,0,completed,250,215235167,success,,none
create-confirm-b2,250,CREATE,warmup,1,completed,251,196882208,success,,none
create-confirm-b2,250,CREATE,measure,0,completed,252,173933000,success,,none
create-confirm-b2,250,CREATE,measure,1,completed,253,168239042,success,,none
create-confirm-b2,250,CREATE,measure,2,completed,254,163927542,success,,none
create-confirm-b2,250,CREATE,measure,3,completed,255,177427458,success,,none
create-confirm-b2,250,CREATE,measure,4,completed,256,155361917,success,,none
create-confirm-b2,1000,LINK,warmup,0,completed,1000,2251125,success,,none
create-confirm-b2,1000,LINK,warmup,1,completed,1000,1607583,success,,none
create-confirm-b2,1000,LINK,warmup,2,completed,1000,1379000,success,,none
create-confirm-b2,1000,LINK,warmup,3,completed,1000,1226042,success,,none
create-confirm-b2,1000,LINK,warmup,4,completed,1000,1138625,success,,none
create-confirm-b2,1000,LINK,measure,0,completed,1000,1707250,success,,none
create-confirm-b2,1000,LINK,measure,1,completed,1000,1313041,success,,none
create-confirm-b2,1000,LINK,measure,2,completed,1000,1219250,success,,none
create-confirm-b2,1000,LINK,measure,3,completed,1000,1213042,success,,none
create-confirm-b2,1000,LINK,measure,4,completed,1000,1579292,success,,none
create-confirm-b2,1000,LINK,measure,5,completed,1000,1481542,success,,none
create-confirm-b2,1000,LINK,measure,6,completed,1000,989292,success,,none
create-confirm-b2,1000,LINK,measure,7,completed,1000,801417,success,,none
create-confirm-b2,1000,LINK,measure,8,completed,1000,1598459,success,,none
create-confirm-b2,1000,LINK,measure,9,completed,1000,1319458,success,,none
create-confirm-b2,1000,LINK,measure,10,completed,1000,899333,success,,none
create-confirm-b2,1000,LINK,measure,11,completed,1000,1337625,success,,none
create-confirm-b2,1000,LINK,measure,12,completed,1000,938917,success,,none
create-confirm-b2,1000,LINK,measure,13,completed,1000,1396875,success,,none
create-confirm-b2,1000,LINK,measure,14,completed,1000,936000,success,,none
create-confirm-b2,1000,LINK,measure,15,completed,1000,891291,success,,none
create-confirm-b2,1000,LINK,measure,16,completed,1000,1048500,success,,none
create-confirm-b2,1000,LINK,measure,17,completed,1000,932625,success,,none
create-confirm-b2,1000,LINK,measure,18,completed,1000,1496333,success,,none
create-confirm-b2,1000,LINK,measure,19,completed,1000,980041,success,,none
create-confirm-b2,1000,LIST,warmup,0,completed,1000,9274709,success,,none
create-confirm-b2,1000,LIST,warmup,1,completed,1000,9288416,success,,none
create-confirm-b2,1000,LIST,warmup,2,completed,1000,9502583,success,,none
create-confirm-b2,1000,LIST,warmup,3,completed,1000,9528083,success,,none
create-confirm-b2,1000,LIST,warmup,4,completed,1000,9103083,success,,none
create-confirm-b2,1000,LIST,measure,0,completed,1000,9847000,success,,none
create-confirm-b2,1000,LIST,measure,1,completed,1000,9183917,success,,none
create-confirm-b2,1000,LIST,measure,2,completed,1000,9097292,success,,none
create-confirm-b2,1000,LIST,measure,3,completed,1000,9273250,success,,none
create-confirm-b2,1000,LIST,measure,4,completed,1000,8979958,success,,none
create-confirm-b2,1000,LIST,measure,5,completed,1000,11084292,success,,none
create-confirm-b2,1000,LIST,measure,6,completed,1000,9939709,success,,none
create-confirm-b2,1000,LIST,measure,7,completed,1000,8984833,success,,none
create-confirm-b2,1000,LIST,measure,8,completed,1000,8660500,success,,none
create-confirm-b2,1000,LIST,measure,9,completed,1000,8503125,success,,none
create-confirm-b2,1000,LIST,measure,10,completed,1000,8598500,success,,none
create-confirm-b2,1000,LIST,measure,11,completed,1000,8674625,success,,none
create-confirm-b2,1000,LIST,measure,12,completed,1000,8870041,success,,none
create-confirm-b2,1000,LIST,measure,13,completed,1000,8636292,success,,none
create-confirm-b2,1000,LIST,measure,14,completed,1000,8530375,success,,none
create-confirm-b2,1000,LIST,measure,15,completed,1000,8643875,success,,none
create-confirm-b2,1000,LIST,measure,16,completed,1000,8560541,success,,none
create-confirm-b2,1000,LIST,measure,17,completed,1000,8623000,success,,none
create-confirm-b2,1000,LIST,measure,18,completed,1000,8088834,success,,none
create-confirm-b2,1000,LIST,measure,19,completed,1000,7972500,success,,none
create-confirm-b2,1000,SAVE,warmup,0,completed,1000,6978084,success,,none
create-confirm-b2,1000,SAVE,warmup,1,completed,1000,5984042,success,,none
create-confirm-b2,1000,SAVE,warmup,2,completed,1000,5713917,success,,none
create-confirm-b2,1000,SAVE,warmup,3,completed,1000,5764791,success,,none
create-confirm-b2,1000,SAVE,warmup,4,completed,1000,5949084,success,,none
create-confirm-b2,1000,SAVE,measure,0,completed,1000,5837166,success,,none
create-confirm-b2,1000,SAVE,measure,1,completed,1000,5476834,success,,none
create-confirm-b2,1000,SAVE,measure,2,completed,1000,5508042,success,,none
create-confirm-b2,1000,SAVE,measure,3,completed,1000,5210791,success,,none
create-confirm-b2,1000,SAVE,measure,4,completed,1000,5564333,success,,none
create-confirm-b2,1000,SAVE,measure,5,completed,1000,5417959,success,,none
create-confirm-b2,1000,SAVE,measure,6,completed,1000,6933459,success,,none
create-confirm-b2,1000,SAVE,measure,7,completed,1000,6322500,success,,none
create-confirm-b2,1000,SAVE,measure,8,completed,1000,6048250,success,,none
create-confirm-b2,1000,SAVE,measure,9,completed,1000,8488917,success,,none
create-confirm-b2,1000,SAVE,measure,10,completed,1000,6070958,success,,none
create-confirm-b2,1000,SAVE,measure,11,completed,1000,26690541,success,,none
create-confirm-b2,1000,SAVE,measure,12,completed,1000,6215458,success,,none
create-confirm-b2,1000,SAVE,measure,13,completed,1000,5991083,success,,none
create-confirm-b2,1000,SAVE,measure,14,completed,1000,6007916,success,,none
create-confirm-b2,1000,SAVE,measure,15,completed,1000,5621167,success,,none
create-confirm-b2,1000,SAVE,measure,16,completed,1000,5639292,success,,none
create-confirm-b2,1000,SAVE,measure,17,completed,1000,5807084,success,,none
create-confirm-b2,1000,SAVE,measure,18,completed,1000,5495166,success,,none
create-confirm-b2,1000,SAVE,measure,19,completed,1000,5612750,success,,none
create-confirm-b2,1000,CREATE,warmup,0,completed,1000,447443583,success,,none
create-confirm-b2,1000,CREATE,warmup,1,completed,1001,428990958,success,,none
create-confirm-b2,1000,CREATE,measure,0,completed,1002,428089625,success,,none
create-confirm-b2,1000,CREATE,measure,1,completed,1003,420779042,success,,none
create-confirm-b2,1000,CREATE,measure,2,completed,1004,418876875,success,,none
create-confirm-b2,1000,CREATE,measure,3,completed,1005,425655625,success,,none
create-confirm-b2,1000,CREATE,measure,4,completed,1006,416257250,success,,none
create-confirm-b2,3000,LINK,warmup,0,completed,3000,4272125,success,,none
create-confirm-b2,3000,LINK,warmup,1,completed,3000,2950000,success,,none
create-confirm-b2,3000,LINK,warmup,2,completed,3000,3959167,success,,none
create-confirm-b2,3000,LINK,warmup,3,completed,3000,3383250,success,,none
create-confirm-b2,3000,LINK,warmup,4,completed,3000,3674291,success,,none
create-confirm-b2,3000,LINK,measure,0,completed,3000,3031542,success,,none
create-confirm-b2,3000,LINK,measure,1,completed,3000,3659667,success,,none
create-confirm-b2,3000,LINK,measure,2,completed,3000,3086750,success,,none
create-confirm-b2,3000,LINK,measure,3,completed,3000,3202791,success,,none
create-confirm-b2,3000,LINK,measure,4,completed,3000,2522333,success,,none
create-confirm-b2,3000,LINK,measure,5,completed,3000,4045125,success,,none
create-confirm-b2,3000,LINK,measure,6,completed,3000,2907958,success,,none
create-confirm-b2,3000,LINK,measure,7,completed,3000,3327375,success,,none
create-confirm-b2,3000,LINK,measure,8,completed,3000,4341625,success,,none
create-confirm-b2,3000,LINK,measure,9,completed,3000,3397875,success,,none
create-confirm-b2,3000,LINK,measure,10,completed,3000,4673666,success,,none
create-confirm-b2,3000,LINK,measure,11,completed,3000,2987584,success,,none
create-confirm-b2,3000,LINK,measure,12,completed,3000,2796958,success,,none
create-confirm-b2,3000,LINK,measure,13,completed,3000,2617291,success,,none
create-confirm-b2,3000,LINK,measure,14,completed,3000,2789250,success,,none
create-confirm-b2,3000,LINK,measure,15,completed,3000,2609334,success,,none
create-confirm-b2,3000,LINK,measure,16,completed,3000,2822875,success,,none
create-confirm-b2,3000,LINK,measure,17,completed,3000,2739375,success,,none
create-confirm-b2,3000,LINK,measure,18,completed,3000,2877084,success,,none
create-confirm-b2,3000,LINK,measure,19,completed,3000,2897667,success,,none
create-confirm-b2,3000,LIST,warmup,0,completed,3000,15596417,success,,none
create-confirm-b2,3000,LIST,warmup,1,completed,3000,15947042,success,,none
create-confirm-b2,3000,LIST,warmup,2,completed,3000,16064167,success,,none
create-confirm-b2,3000,LIST,warmup,3,completed,3000,15582000,success,,none
create-confirm-b2,3000,LIST,warmup,4,completed,3000,16456208,success,,none
create-confirm-b2,3000,LIST,measure,0,completed,3000,17247750,success,,none
create-confirm-b2,3000,LIST,measure,1,completed,3000,15745875,success,,none
create-confirm-b2,3000,LIST,measure,2,completed,3000,16382333,success,,none
create-confirm-b2,3000,LIST,measure,3,completed,3000,17402000,success,,none
create-confirm-b2,3000,LIST,measure,4,completed,3000,17437125,success,,none
create-confirm-b2,3000,LIST,measure,5,completed,3000,16272125,success,,none
create-confirm-b2,3000,LIST,measure,6,completed,3000,15959625,success,,none
create-confirm-b2,3000,LIST,measure,7,completed,3000,15820500,success,,none
create-confirm-b2,3000,LIST,measure,8,completed,3000,16207833,success,,none
create-confirm-b2,3000,LIST,measure,9,completed,3000,16054583,success,,none
create-confirm-b2,3000,LIST,measure,10,completed,3000,16115083,success,,none
create-confirm-b2,3000,LIST,measure,11,completed,3000,15900917,success,,none
create-confirm-b2,3000,LIST,measure,12,completed,3000,15843625,success,,none
create-confirm-b2,3000,LIST,measure,13,completed,3000,16099541,success,,none
create-confirm-b2,3000,LIST,measure,14,completed,3000,16203916,success,,none
create-confirm-b2,3000,LIST,measure,15,completed,3000,16315250,success,,none
create-confirm-b2,3000,LIST,measure,16,completed,3000,17131084,success,,none
create-confirm-b2,3000,LIST,measure,17,completed,3000,16525709,success,,none
create-confirm-b2,3000,LIST,measure,18,completed,3000,16435334,success,,none
create-confirm-b2,3000,LIST,measure,19,completed,3000,16222500,success,,none
create-confirm-b2,3000,SAVE,warmup,0,completed,3000,7633709,success,,none
create-confirm-b2,3000,SAVE,warmup,1,completed,3000,6330292,success,,none
create-confirm-b2,3000,SAVE,warmup,2,completed,3000,6103791,success,,none
create-confirm-b2,3000,SAVE,warmup,3,completed,3000,6902334,success,,none
create-confirm-b2,3000,SAVE,warmup,4,completed,3000,6329458,success,,none
create-confirm-b2,3000,SAVE,measure,0,completed,3000,6887458,success,,none
create-confirm-b2,3000,SAVE,measure,1,completed,3000,6532208,success,,none
create-confirm-b2,3000,SAVE,measure,2,completed,3000,6003041,success,,none
create-confirm-b2,3000,SAVE,measure,3,completed,3000,6176209,success,,none
create-confirm-b2,3000,SAVE,measure,4,completed,3000,5862916,success,,none
create-confirm-b2,3000,SAVE,measure,5,completed,3000,14987625,success,,none
create-confirm-b2,3000,SAVE,measure,6,completed,3000,8294709,success,,none
create-confirm-b2,3000,SAVE,measure,7,completed,3000,6433917,success,,none
create-confirm-b2,3000,SAVE,measure,8,completed,3000,6067791,success,,none
create-confirm-b2,3000,SAVE,measure,9,completed,3000,6149750,success,,none
create-confirm-b2,3000,SAVE,measure,10,completed,3000,5646458,success,,none
create-confirm-b2,3000,SAVE,measure,11,completed,3000,5983917,success,,none
create-confirm-b2,3000,SAVE,measure,12,completed,3000,5734792,success,,none
create-confirm-b2,3000,SAVE,measure,13,completed,3000,5813625,success,,none
create-confirm-b2,3000,SAVE,measure,14,completed,3000,6346417,success,,none
create-confirm-b2,3000,SAVE,measure,15,completed,3000,5747000,success,,none
create-confirm-b2,3000,SAVE,measure,16,completed,3000,6071333,success,,none
create-confirm-b2,3000,SAVE,measure,17,completed,3000,5824417,success,,none
create-confirm-b2,3000,SAVE,measure,18,completed,3000,5973083,success,,none
create-confirm-b2,3000,SAVE,measure,19,completed,3000,6037875,success,,none
create-confirm-b2,3000,CREATE,warmup,0,completed,3000,1229434916,success,,none
create-confirm-b2,3000,CREATE,warmup,1,completed,3001,1203703792,success,,none
create-confirm-b2,3000,CREATE,measure,0,completed,3002,1204755917,success,,none
create-confirm-b2,3000,CREATE,measure,1,completed,3003,1211111334,success,,none
create-confirm-b2,3000,CREATE,measure,2,completed,3004,1214416333,success,,none
create-confirm-b2,3000,CREATE,measure,3,completed,3005,1197765417,success,,none
create-confirm-b2,3000,CREATE,measure,4,completed,3006,1241795542,success,,none
